Crop Type,Temperature (Â°C),Humidity (%),Rainfall (mm),Soil pH,Soil Moisture (%),N (%),P (%),K (%),Yield (q/ha)
Maize,20.153045402903846,54.97979558832385,131.16277165432427,5.027972757971166,43.94769609276389,0.2062450759029929,0.06965964465320185,0.30811282842220084,43.38445403267794
Wheat,29.33436308079483,55.496846313430545,140.3921256071892,7.183313881076835,40.086144398479476,0.1714328570996138,0.13596341039527968,0.1404752873835719,39.32232585316978
Maize,25.010398839152593,59.8659057728799,133.35900827409398,6.477200856768215,25.55485305586068,0.26639976689880907,0.17784219315630298,0.14456848726732124,31.134663149446805
Maize,25.393774484000623,61.33944526683747,151.13401074161902,5.697229450158879,24.629504267148214,0.27849200876169233,0.17898234237174812,0.21832109365951174,20.364178868781973
Wheat,26.83963769398141,79.98910110371347,17.054666981561752,6.934391051995244,26.172862611323175,0.2730182346851572,0.15589510501272635,0.28886446746729444,34.94799494116692
Wheat,26.15851164389914,57.46934995246665,104.92364076376366,5.568549564642,26.87393925308378,0.2943618925094367,0.15932054065218018,0.09189090243488539,47.32584871964363
Maize,29.43891604560757,63.411591422068966,155.48529125468116,6.196836474202054,45.515083706545354,0.08605422073089136,0.1292683912241121,0.2672004915083708,24.115710706466718
Rice,29.442515971251673,71.24879935255261,153.45365566140745,6.399355680205615,49.63925001098314,0.2647595556720168,0.13354689442653198,0.2550236922931662,52.453748186041636
Maize,28.671989335550037,58.886297372008464,200.30946270535156,5.486339417198202,41.19966091705675,0.24538987806860052,0.06138409302568288,0.14249962589650683,20.358272646675033
Maize,26.364035974460112,81.82824066461664,167.20224131970605,7.152474013361311,53.160709301819644,0.13031277006808026,0.11101747014740818,0.2639653135751642,31.958387041763896
Maize,28.009492946823997,69.37268021170371,248.11199592176138,6.646022193153795,59.650529069345325,0.29039042054525604,0.11212420542181822,0.3338494616380623,20.52552766815543
Maize,26.771683423829817,54.70223396104858,78.12508686607481,6.227189096124354,52.80050516477424,0.112599144210588,0.19335965370683844,0.0926321781423775,40.490238826645
Wheat,25.733670416719335,75.7029599894914,96.19624711989556,5.397308115985662,47.79529494703837,0.22950098396945984,0.10897389801972632,0.16630605492885686,46.497075349742076
Maize,21.2850035323391,66.38238650723929,102.12331644827111,5.118488055395657,41.299707977485866,0.12947584769950074,0.12789482318444123,0.1983077134999159,39.693554707559244
Rice,28.11204176736003,66.72279456286235,121.79507368485964,5.704131631546163,37.95412286698833,0.1749037427302964,0.1253202238846564,0.32280029690966616,48.500922066733544
Wheat,28.206394757439554,64.0543974193793,210.63953530749026,6.6570121390094865,23.375695221781694,0.23821517732780517,0.14188187472709235,0.33981059058447227,46.74474436443636
Rice,26.259396701015728,64.85059744106245,66.59010255021036,5.5925288562644555,35.97474993578764,0.20393142124727026,0.15971725301310336,0.1999111165540097,56.28994397815808
Rice,28.20426843771268,78.26781405331204,196.24004968850306,6.187023685090111,56.40538547128537,0.17405040289218457,0.07600670018733954,0.2825076712783916,51.21424326601007
Rice,26.51484771857788,45.14907396656578,107.27444394057842,6.601483788807635,52.32090519626212,0.15179445480503717,0.12459590705574972,0.2235484764164104,58.759898791126986
Rice,22.066843598767456,56.71814056552411,154.44529207888203,5.237476172222221,28.64205460046749,0.26472512425593386,0.17214683317056487,0.22520139238017162,40.37023138181122
Wheat,22.739611273211338,43.775168190194464,161.80972797431346,6.507655635454921,38.66431138788863,0.111639157069259,0.11409835421400183,0.15508686906791624,32.859217552015046
Wheat,22.145891197083742,77.66231103737255,99.48367292534427,5.202115952962099,52.66892810234178,0.174622632836556,0.08455320741977168,0.13857818638324745,44.84587076340526
Rice,23.772590832279757,53.61509273601497,133.02764924939322,7.123285432679392,22.6953821914209,0.2788266657905312,0.14475345205700785,0.1577614433994911,47.32484826148459
Rice,20.389631323102336,84.87152049094422,109.12748191544728,6.074467086142867,35.495703426746374,0.2660869011011929,0.17180278332785967,0.23020856195941142,57.94027351986249
Wheat,26.18253884337893,66.32892333296469,26.591868684788665,5.33148743696173,54.073649474957904,0.16820718774407026,0.05010244686838261,0.08787190022596403,37.702052056460595
Wheat,23.365542148887265,80.03748857430605,114.91969331603838,5.753243999273803,36.15591456680495,0.2478838399922878,0.16428647734515633,0.32495721497622954,47.09611557598523
Wheat,26.557226353807422,88.94657178079805,33.37441421285252,5.909516188449575,23.104585789257634,0.261095382755949,0.1714636692738834,0.12219660157843958,49.048306119932874
Maize,23.85396620965565,81.98944297282853,107.20499177927717,6.668007024368382,41.70137474129006,0.2755552332807985,0.11384366841417709,0.13942394275527437,42.089118209254764
Maize,26.816136689727898,83.34968800057618,152.30041595962766,6.635532329368541,54.46969979673182,0.19979126919083012,0.1973289050909548,0.2199345676408645,26.765499867339916
Maize,23.4062456946424,60.399224768242235,149.05957584244018,6.346269111742128,43.61142171812639,0.12498139493203658,0.16587333451316946,0.2717309869110654,24.854071726152057
Rice,22.606945282359032,67.58612976296699,169.0291069619969,5.2330475676286845,29.05116432856927,0.13616799683086495,0.16378601038330654,0.10584684478098727,54.23304680862205
Maize,24.960374542934062,52.69442820216521,32.86276190911031,5.333452617492882,35.36958480549525,0.14505282828915292,0.15965417190593148,0.16577756833773377,20.183353770904507
Rice,26.928903586919393,49.80565498467264,166.50957892730509,5.206265225420225,38.004934447277286,0.2106365457781154,0.06409729651492384,0.3415421435050764,40.774281785895454
Rice,23.483366044531973,65.2753939553017,84.9155336071473,6.269780123232611,43.17065415282107,0.08721811730829386,0.07475694183248173,0.15083260103085533,56.59871918869
Maize,29.366481518557073,69.75244898502103,105.77102707290666,6.929704571325089,50.37404103010452,0.219929343131593,0.11423842103430801,0.16452353916704965,33.01123510413215
Rice,20.391863266756463,56.96356229480955,215.9167009414494,5.954361126960498,23.954944705625415,0.16015793245421103,0.08224069599351454,0.305854592466869,69.8374596710578
Maize,24.179460317155787,68.47217588817502,12.16729699109206,5.353865982707042,55.586081320702654,0.14495319654772126,0.10643855557344647,0.09355789655642292,25.046045884093953
Maize,29.675805515202477,84.37302412567516,151.21903200174532,6.227693115327727,20.492388120643025,0.2734892455601878,0.18215425758766732,0.2054455555784221,26.452598229011713
Wheat,25.479718832480874,67.8360792391683,153.6913552240258,6.785854877104562,34.80209338697021,0.18120052702777575,0.1718923027006831,0.18249652640195096,32.270812846525736
Maize,24.234709423081185,76.04065481552533,105.19834632245488,6.631766535328446,21.096812398906305,0.10091167001719241,0.14080638055679714,0.16547842517533579,42.938575241343614
Wheat,25.68520283749958,80.26574836789526,66.88668570600069,6.939191715285047,35.71896901381165,0.2618842889657743,0.17729926308017657,0.1571388903920864,45.556224889169016
Maize,25.759245752580846,89.43643909777214,66.32176918277226,5.611384613947509,41.03250395493295,0.09048107663603146,0.1654035822427599,0.10467100831231048,40.558477786421186
Maize,27.316477552996403,70.15987010884898,222.0903207185806,5.426698507989105,40.46725546326047,0.23988482931700322,0.10863758909454249,0.16500297392494517,42.56909469911272
Wheat,21.276897294224657,80.3425074481293,116.08584970788581,6.935596269072265,26.625133881130616,0.2502593687895463,0.07217042432799123,0.09162414873323052,40.49799973451677
Wheat,22.500164492161048,88.13246592774374,89.41344711740126,6.4466326881116505,45.82962040382449,0.1575725733043488,0.12227216640149427,0.2908602431839975,39.02386382901447
Maize,25.805440123439098,87.22048627886367,117.70661771953672,5.684043646016619,21.79113802018673,0.26145332838111307,0.15779662120456803,0.18752150436866313,28.259786841640413
Rice,28.671166072097222,47.054092438885675,170.65369635024672,6.633165711259521,50.47627280529662,0.19344506928841976,0.10982713579673489,0.1998540347263761,57.67643843043567
Wheat,25.618666921437736,60.319615413676104,44.98157637874041,6.793260445856809,57.86577735974185,0.1819246037200153,0.14668350556542356,0.3212705383415355,39.08556793579645
Rice,22.3859685979034,56.19950305533998,117.86412045129705,6.352952128750491,33.590753086044714,0.08998872192311236,0.05509238820656698,0.25767484564252957,53.54696759816726
Rice,26.79844779900246,44.346250747517466,151.09224906649285,6.513345041735813,40.68957526857328,0.14380642260275928,0.15968075781942456,0.08217595790237234,68.10783591193416
Rice,27.399087604473745,71.66203874554803,237.6600051643441,5.825571789773866,35.15641112235258,0.28482219359476596,0.17003417918288993,0.3346572021995469,69.5209454283739
Wheat,22.382361524039794,76.79523065980013,70.60666769810062,6.185130468154686,20.2684156121624,0.16620127192237,0.1530940569248866,0.14402900581398204,45.929687786591614
Rice,23.777288861762948,82.40640477334418,96.22017949989893,6.153150175597557,35.434980115804635,0.200274114522489,0.1947621740042185,0.10905582988516188,62.70274270740785
Wheat,25.343274735305634,46.13884448313542,101.04606158138171,6.865705140487698,51.668810370453855,0.19704476937653537,0.17226432919370246,0.2873946081628382,43.611163235582026
Rice,24.965611906830777,83.82220379376469,155.32915783477188,6.847920756620802,43.839553687339276,0.2098948397609925,0.18449499646024614,0.21512887528401387,44.98224557000541
Maize,23.896180862192033,72.14627818071267,95.6156927296004,6.831897032563495,24.050396584606357,0.09349281024152217,0.1893713733532237,0.19711805282486472,21.477645521891365
Maize,22.97635174509311,75.19730675692547,138.04286207192695,5.024269551377425,53.8855795877514,0.15967877605572023,0.16821567869980938,0.14736583151434027,37.26815787783158
Wheat,20.999848871618635,85.5312001770152,197.62967916280707,6.6490000658315545,41.243413795409715,0.23908822025416188,0.14788141472103986,0.22781730226282604,44.57572444513152
Maize,20.53485296747369,71.23806355216256,179.29254258692885,6.669088058244211,53.66893446978705,0.12412325523605625,0.040914973017726286,0.1540838434046986,21.174324777453496
Maize,29.585414968831984,56.79329285749175,117.12847516302054,6.492433410281312,43.208860751401176,0.12478724306019928,0.11453212051569994,0.3234274114275082,43.2012937557212
Rice,28.471431440955897,81.25536657113298,217.41188264180053,6.663782247361196,42.387537793517595,0.08221993347158545,0.13138596777957776,0.13810520952796204,42.73421918334033
Wheat,23.549051904627206,58.15296060975453,143.95365990252708,6.85233481729276,24.210367407880497,0.1762460238538061,0.08864484359167994,0.3187758906230534,35.71801067542405
Rice,29.568008851264565,41.71140554102646,139.577401480531,6.034701919023929,26.694389325545117,0.2742015637481528,0.09089671150455553,0.23103946494638639,60.17169438396114
Rice,26.76769904424303,81.53272532826249,18.205063825397964,6.104510469674584,58.88101025986364,0.09141820758920799,0.19378550651362644,0.30369179615171504,45.09617783213429
Rice,24.825209496426424,57.25960724406378,246.80631528571877,5.2743709252050595,29.13946987019083,0.12204611608912058,0.18267373843243936,0.2724684188824578,41.66247665326733
Rice,24.930256577718048,78.69172616006702,39.51299404711041,5.847826942704196,59.09808471961472,0.1482185984354061,0.17586864088027268,0.2681076800879221,49.93439467492449
Rice,20.832844111952596,58.13789473329727,65.47141898263519,6.415403395805925,41.27650826097053,0.2409794420441268,0.1049618882729777,0.16757336807766504,62.97914724565537
Rice,20.91704147258481,83.05340099873608,22.40724093796647,6.716879507524004,25.431561882557485,0.220939830416569,0.04219176806542633,0.14315217149749493,52.41036036955781
Rice,26.02440925901119,50.975526254047935,163.6007120408593,5.4778600149206635,23.972088110147716,0.1715076590080081,0.05283555943291425,0.1369392814738128,59.589187657238185
Wheat,25.537030523458007,88.7273632599435,63.9282824734432,5.303210378150318,28.3545628282296,0.24699516663684262,0.08995141891481659,0.31144174740608893,41.59238194456273
Maize,22.12727895024229,78.98793873940154,53.20250499345364,6.458692409901083,57.02549320101343,0.21411882256451842,0.04251886607930832,0.30151524146993536,20.55546205063951
Rice,29.461945428816904,45.711896296019844,31.253340213577935,5.004135743754803,36.56600897312907,0.2771289759245882,0.0427439651064317,0.19895485256332296,69.65619961137119
Rice,27.812960504712024,68.28883099832802,34.79414970976376,5.392419685476126,35.81737071971658,0.2599658848105124,0.18665652826278578,0.11574924564404274,41.24284266458163
Rice,21.13464602017448,89.26836561208674,150.3209681062213,5.063957036756698,32.528250442806964,0.13561899333962413,0.15298536033904866,0.18320810803391374,69.03408212945455
Rice,29.309291056872926,63.55327263469072,175.16988780798292,5.367147259280716,25.882474022663537,0.13971648707952405,0.08943295841090443,0.24722273261696603,56.49592535093194
Rice,29.7424820853441,49.105356941079165,105.37095723145625,5.398902415836112,39.51404788769626,0.10757842467432484,0.06122313241615251,0.20268885170958725,68.894770811952
Rice,29.95931242030329,64.2389183575173,125.17529958209758,5.852881908450867,25.20191130044555,0.15413223965784043,0.12186171486321234,0.2906511024904086,43.44260798241506
Maize,20.5587115467735,65.62288279409609,174.63225663591618,5.885119674310423,53.41920945529311,0.29989966211820074,0.040855385736698314,0.34935816200787406,32.26021297963783
Maize,27.37035556791009,77.08434721143328,14.171149644515113,6.923377435342523,34.81587945101226,0.16926525709531343,0.19014619901730306,0.13160566388120215,24.237602296651467
Rice,25.45915770164989,74.94229265804522,87.55135769686686,6.122241367497415,34.99214271127185,0.1285074556316034,0.10637041910223155,0.20410572130808455,41.52924631067327
Maize,27.058314838786945,60.12750217984903,243.54345953688315,6.59149048434703,38.96025713932623,0.24774623458462164,0.10437359283797323,0.19636565351862195,35.43822787655779
Wheat,29.68651943974135,50.901155374704324,149.22693512691234,5.229102187424632,37.765108526630065,0.19934362076178433,0.10249497721308515,0.16221298384221672,34.15566841923383
Rice,26.88030010175039,72.25270838846647,71.01389917539838,5.4959652620201265,59.79431892237286,0.11291231889592956,0.051092532862042364,0.13348578951447818,57.630910548626375
Wheat,28.369638742373738,61.08519672766409,135.21521119269116,6.546475570153089,41.8152448487321,0.16375172985539047,0.14213155836669225,0.097736871452208,32.247289638979716
Wheat,28.668687053108414,46.61381055626652,92.23683714901968,5.116168713030762,23.528068151594827,0.17118333741865552,0.15728057914053653,0.31952221565039857,36.63972942865406
Rice,28.384807637639852,85.02861506181928,137.73879731831178,6.070514856936257,44.2750936630772,0.24584253412522805,0.14818006361412644,0.19335914837530574,63.44897674159742
Maize,24.26091475046941,74.56109288048272,40.17796283359572,6.318611724458455,26.0633717147952,0.08454770115621899,0.062149678932703095,0.21416178999501317,30.926288046054694
Wheat,22.225764175710307,74.15919282227406,41.85151691662657,6.324720416915459,21.237505789253678,0.1391843222956283,0.1326144268856948,0.32757435301424725,42.554908297946724
Rice,23.966516019542517,81.12919379558369,44.45016688945429,5.050452184789693,58.82968614708992,0.19387118628941485,0.13111751746756062,0.2895984289293059,59.42373822236638
Wheat,28.918969087767767,66.48308393275406,235.556750062442,5.708637609304208,50.94155566138255,0.13914628333962553,0.17894572607062115,0.11523534131163973,46.87510087974587
Wheat,21.466048216920257,80.75272142012285,185.89574040192204,6.400279432308139,59.204359696550675,0.21825549043217973,0.10066042534010353,0.2326633912540904,36.498455888132824
Wheat,25.13326168692393,64.90453767555029,48.97165471895701,5.327799419528335,39.115137920889694,0.18601084544041563,0.09943775098550947,0.19940811466028097,43.745911251650355
Wheat,22.33228072424528,43.35876999578551,55.20378010374435,6.529914426321717,41.29030124595904,0.15957625606910775,0.13896432939490969,0.29524698959626594,49.23231614092332
Maize,25.813054172267822,60.26240440138444,185.39907396901032,6.641035459390084,26.733478236765208,0.28882589791151264,0.14129162455992209,0.2755427878552263,38.2560833589467
Wheat,28.63138521989004,64.87324469899453,47.479322750121746,7.1603322189815195,29.876297066703422,0.21907508982102064,0.11508563637212646,0.2664095449159894,39.79740953435489
Wheat,28.803599686384167,76.01012908161479,66.29471040035888,5.461652388684101,53.54196859611313,0.10858710189894707,0.11088949797286737,0.17194710557957216,42.61434888983858
Wheat,22.366851936820787,45.32893650643372,241.20323987689576,6.815287468865454,34.247425884703766,0.203220173437547,0.11906362730206124,0.2973402072077987,44.79365795526216
Maize,29.076937063485463,47.00092693302245,71.27356593482364,6.144652469221039,53.07259895185676,0.2517610077041982,0.17776724792052992,0.09414564981061253,35.30689414234681
Wheat,25.918887388212845,53.18419013173082,168.79176408907523,5.821617711517182,48.36054897148127,0.23586773344841538,0.11378670420062562,0.12309872338668515,30.33351626979678
Wheat,23.502182467003134,53.32491966854411,244.8715089761273,5.269228866115392,27.08683701087462,0.11785963044495706,0.1903890867151716,0.17061828370403614,33.89546995374452
Maize,27.081811955832,76.60922892295312,99.83122411355023,6.618112334272583,40.29785464478969,0.2939323997888227,0.12064060217541217,0.10073800908870595,40.261705430386655
Maize,24.816669879641154,52.53653302807989,14.203837806894937,5.518886718116112,47.09549286074868,0.1787390020642533,0.19187211090894263,0.14344845493436673,26.816266182812118
Maize,23.779875901222546,71.65490316787238,68.59534970136983,5.817128404120701,29.401488592153004,0.11498550082285748,0.17325310429905214,0.30414076540943785,38.28905298902835
Wheat,27.050843642966598,64.71369250691357,209.4105259220093,5.13759289917421,53.227540420803074,0.11964306590819254,0.09798901161853266,0.33602791520332137,37.44240430483397
Maize,22.48724154430288,68.66471890897003,217.5061206292088,6.763007214802942,41.79310630180747,0.1016116982815977,0.17818262740745858,0.16224263605903141,33.04710820394858
Maize,23.302525290190985,81.90534815891479,194.44464748570988,6.686494752737616,26.609682017704127,0.2567739838556855,0.05761012547217843,0.15141926707698633,21.69933249548509
Wheat,24.344518444882713,60.219075077451215,37.14635657837753,6.613954826093088,43.319377046584094,0.10684670875080671,0.18800754805488235,0.15557101610653526,33.624511220994194
Maize,22.536821738731387,78.54556885321352,200.92248920713675,5.658775723082151,59.98855216623656,0.10752755657118432,0.14106296241326266,0.15498415358472784,43.929924087980865
Wheat,24.05202086781417,61.10180297753437,230.48267127844102,5.381656163385106,26.02085966653654,0.2671037552473843,0.04870251976356979,0.08970114919021271,47.80276106893828
Rice,25.714730252050106,57.69356882806247,154.14629021109667,6.402617181834506,52.67027720478112,0.15581289857846312,0.14308107578412985,0.33026741350939914,59.56825332697151
Maize,27.409738609106682,87.93135886566102,235.81008552113556,6.091566045049083,28.29236012750232,0.08678873894777595,0.195879624663161,0.13769849822398866,31.491114934643434
Rice,27.671948531085718,49.21854603394816,208.44133209085058,5.392155427190212,51.29553317840349,0.09141696589405039,0.05116810473834063,0.19340110000197933,60.27283878685671
Wheat,28.22790351876693,44.516848028880396,170.07316407781775,6.5090047963097,49.38311692485653,0.11127749827485703,0.12875003356481382,0.08261545834006129,42.372205781878776
Maize,27.44211656943298,78.54929627677393,148.52445681081954,7.180478150006868,32.01957542401729,0.1269465365546517,0.1596470959614996,0.3116478745470654,34.2138063901153
Wheat,26.81039427096909,43.41248526770458,93.65768013807292,6.643883093032483,33.03292470257799,0.22633216273244916,0.16964137387192502,0.2774124830028276,31.183541437270836
Rice,22.3750647129247,81.85394953515147,48.22898685827323,6.627970050708346,51.70085567851677,0.11461178160040221,0.10621239445132732,0.33562412949689985,58.98407831984521
Wheat,24.00222892872025,61.859669817862176,155.1889414457298,7.090688056447302,38.457820475492504,0.10615236605895584,0.07266664946691888,0.2910361793830277,45.37840089142337
Maize,24.777148908802275,85.77568386459569,86.34677286834868,5.4464600086647845,49.23272114847235,0.2482382111247814,0.04677476460358142,0.1647007582540576,44.85204136613939
Maize,20.828913216933543,76.07664305609528,217.9452802066349,6.244209922827169,25.91936589463339,0.22763216244918116,0.13275618513555595,0.1469258068566744,20.27696381485774
Rice,25.28370121297209,70.52023335039789,248.40086496607083,7.155222773074543,54.10231127606214,0.17577132872015194,0.11246577124281773,0.26838340303938907,61.9052035993203
Wheat,24.363358316065558,87.46533985288829,190.5826630277374,5.363647044134384,48.43538866729276,0.20084814972562287,0.19179910322395377,0.17831044925283485,41.43578631871961
Maize,28.021092490267343,59.832468652602714,31.71560686889218,6.540554310777946,56.277712353393355,0.14863648447181205,0.04969678523438557,0.23287805425320646,30.851304402023917
Rice,29.779006687542708,87.70434682698166,79.28454292735314,6.288782321138184,25.294895161398898,0.18615009245177933,0.14966325495136093,0.08168951717714697,43.827105237141126
Maize,25.560050386425846,46.75006387106035,36.186311623779936,6.290254002815155,43.7205800144239,0.19146798277620405,0.04399459553920915,0.09670913945372832,30.227128715871906
Maize,23.226863882775838,64.18774709662064,166.1227954700118,6.5348753805441655,43.964823401613,0.16519219965918108,0.06742946827368684,0.2245493441190458,28.859429574653383
Wheat,20.434007832981727,53.49556111960975,193.64580749338833,7.045157230326506,34.138429621871296,0.27944588634787576,0.11257263998765346,0.23283934454100458,36.056597779574844
Maize,29.24643330223596,66.99213894540966,232.16195941137082,6.7216802676729435,38.33865698277031,0.08353361029582135,0.11277959084845893,0.28289229500402274,38.27199058305519
Wheat,29.191157152786595,48.10069389457923,115.16136313887704,5.123499427515662,21.519262531594137,0.2520776778800741,0.14971208686938303,0.11563063629846967,44.01451042568527
Maize,22.52990167989241,82.07648301550216,226.33015590122662,6.876001643726565,49.83440154508048,0.10736422287309134,0.18563408557884106,0.21855943261433025,34.72550227452279
Rice,26.954111231066477,82.32039246572786,220.6938781699186,5.496190925836612,41.97289917612696,0.25546041931818386,0.14224514542638733,0.13250086399655592,68.15994439880117
Maize,20.754345470897693,87.76181563617395,86.12697202369566,5.829211162420019,22.309642074766952,0.21550062144887866,0.19256561565624142,0.10516295228192757,28.74635960452136
Wheat,21.66215431909253,47.733607044161815,218.53615012973705,6.0158121899472405,47.23023571841942,0.2655211800060085,0.18105850238047963,0.19083386439634972,34.87603875420359
Wheat,22.168091065864914,71.16662754524954,100.16134045161435,6.057993201656753,38.67128308924752,0.10145315164099744,0.13351996728492643,0.12410089498404545,43.11806626196799
Rice,22.9449394683943,63.71186543501848,81.24862589446738,5.957396878361785,21.378450377,0.20297573950195028,0.17340671214701237,0.13988113411192601,45.964421828122084
Maize,29.958313750293705,57.219186602211664,165.77791811065433,7.062177247274902,58.784309073923815,0.19023933365768336,0.14281241765178146,0.16573973656476548,27.875262679585617
Maize,26.969250558638148,57.57700805671094,88.81149469241946,6.553241816860854,57.96448572357762,0.2353625002519389,0.052569252947796345,0.15003486820066297,25.61506100187212
Rice,23.8420183137922,60.639677530337615,161.2500995989946,6.388575421104754,40.5160966458879,0.19754392141660865,0.1584903557215216,0.10364965029960553,42.07460703155504
Maize,27.371007058430195,75.24627748444766,156.35963331968668,5.109652461122471,23.74689682823641,0.19896160476928293,0.05518535060277539,0.10427738611211962,40.687468540891835
Maize,29.152543416691064,69.91430291340774,145.2253425636301,6.988609326572824,50.18484886394367,0.17451110758673422,0.135053244891154,0.1321773421132254,26.36351357304153
Wheat,29.587024074078464,62.98407563805655,101.30072901587144,7.000658422418471,39.677244004229166,0.14794357328161498,0.1524224329373166,0.09365098074907552,39.460550066860414
Maize,20.578638977577075,43.79667051848111,141.63993319635443,6.716468739546225,32.0978991315752,0.18609815947548225,0.05064441731373684,0.2491433953127703,21.0828818313578
Maize,23.9452179860813,43.888267203947855,153.1565139965012,5.0154642483899625,39.656727101142266,0.10606831892904812,0.07692714462824508,0.15757821345740353,37.483486656316074
Rice,21.067560659358843,40.116969531288916,140.96485323891363,5.126016552370771,40.89776581621858,0.2915329345762786,0.18650755716186398,0.15553141129764916,49.91683006918873
Rice,23.356600647969632,88.38496941035433,116.66066866028837,5.495492144990678,42.50846796089357,0.23717036799785163,0.13861031875726343,0.16963953944419657,62.3421018348763
Wheat,21.696799038955657,40.262690927919245,13.520093691103314,5.288968697918794,37.64894854621306,0.28954276567132625,0.07940576300968505,0.2589549940366248,38.248061209357324
Maize,26.468483616687237,45.15468730068724,150.89480984827622,5.877439265348205,44.23021212556227,0.12988002411259192,0.15050876338368105,0.3150711480005424,24.893890160140614
Maize,23.88268383989872,55.72982784047055,50.426652434252716,7.029770727793137,56.749388424255095,0.2734550244388361,0.13548422719387035,0.28495347179002234,32.8293770570509
Maize,22.293947457049498,80.37151259083805,164.2182325473255,6.038532955233396,34.49072348394365,0.2579337966039784,0.12025211198687175,0.2764328921607756,23.262613990935996
Wheat,22.65937924964239,88.10493928820588,192.24263870148783,5.0294857781507645,49.02865852879796,0.2289735307406882,0.1961899159980934,0.2107856201122293,38.8107831974599
Wheat,23.603450952052683,79.5006779395928,130.10687419137795,5.622040517073277,55.778102272969285,0.21750642093874523,0.14935260438520143,0.2673275003812011,36.34610954840973
Rice,22.599498628542626,74.52801162228204,140.1672795951372,5.098108798420515,38.23917103039747,0.1496409263589314,0.10007057754686602,0.22924583936906745,67.35878752598899
Wheat,24.53240846828831,66.06503337067846,238.35485431983787,5.0798327697497045,37.738233455276166,0.25961037269230675,0.16801174913229888,0.1383876426103628,31.2185744344144
Maize,20.323159511096506,44.33526059310918,213.32016672941782,5.606583676810215,44.084679414191186,0.19033340152554143,0.18153332686739004,0.1363188592900837,37.35043535264355
Maize,22.797635071689456,87.90853965019652,229.41676382835277,5.60634714509368,43.65627037689953,0.09559614669608278,0.06003528952269303,0.1600258418563265,24.5687791496859
Wheat,24.11206720872186,77.91962069728407,205.30390919670074,6.731678525723529,52.26357369305108,0.14882989538812857,0.07208847645524263,0.32591672116184955,36.380901486644795
Maize,26.027818820232987,71.94746926671309,36.140402043215545,7.144636236118446,39.05933535113171,0.2857653616799721,0.07459632146044476,0.22780200690252594,30.387851576551647
Maize,22.709576425151297,77.95179227694248,45.75804543284673,5.816655606557997,59.844917985577645,0.26714965733306617,0.15059388950184646,0.27815445179050474,42.70037723437436
Wheat,21.3318512522375,76.20516646365692,136.3897113445503,5.943551133494285,22.37886275469123,0.2960192535768386,0.13648632880852535,0.17357086515046782,34.8515653214765
Wheat,20.76200379599163,71.86157898947434,69.05671811151959,6.8585367598292475,20.12671394322807,0.2181585441729016,0.13903865035177412,0.1900832580796108,31.826176050893405
Maize,29.405318271353835,89.02884000899941,124.4069140098782,5.589905844210129,45.60793246238495,0.13445221609089064,0.19052372795032016,0.11390270623205787,27.96724009976309
Maize,24.166390577384792,85.16819063180125,104.64767771640405,5.344039969687586,31.937396494475067,0.11581931092891003,0.16414584524916895,0.126249638611851,22.616899263388333
Maize,25.811626211808264,72.33324595585816,141.8594172233088,6.876797171488031,29.61529554797935,0.12112117693386155,0.06046990792188531,0.30338626980305927,23.214912149013813
Rice,29.191765518355595,74.65876057284623,189.25017187259746,5.102301290168144,32.47596320017122,0.08435504483639597,0.09560113318802896,0.23790643055599814,57.2155179392508
Rice,20.827484200353062,42.5797903329355,181.71781770382586,6.363338768438714,30.241902604198174,0.16595006441690663,0.1096629833881177,0.1711337657886311,41.8270579929848
Rice,28.766614859257928,73.49587322750196,135.09619179648024,6.236384264426975,21.231601986417914,0.12211408970989934,0.10335385419961679,0.2967698264287974,40.92792644180698
Wheat,25.5158787254407,42.208271885505006,207.37442051609395,5.761024984503727,58.861321695623545,0.1705642013004745,0.14708937746590067,0.1465603745222554,44.288282029409956
Rice,21.64834261137001,69.41318784849655,113.406901969128,5.69341694641419,28.82981953811127,0.2856987750045284,0.18270289652105,0.343528828622055,50.849412845231335
Wheat,24.11255116585369,89.96767497829174,225.21142956162936,6.698086997599567,49.36119050357225,0.17471884609158178,0.08896823416364608,0.17310075409146583,32.50750698467746
Wheat,27.776022837352254,67.79032907185898,27.10726481323934,5.190134143677602,50.50385578776701,0.27315658933666365,0.1283003418273897,0.17107395762083144,35.072255417194164
Rice,24.803700818663547,63.66050590406667,239.11840720799378,5.520925480485048,57.17029592028917,0.21321104865549279,0.1663055075061737,0.16421621449491042,59.26259522057197
Rice,29.85286050665504,55.64274282527938,167.12633954352356,6.611387210043798,21.221978283735197,0.1343689420255062,0.10659488941525591,0.11297010929955774,48.26609701422554
Rice,23.767389699379407,46.02612893932322,101.21788214492926,6.206305284198134,54.88193353788031,0.15828804703702648,0.06689890054388734,0.11000702977964336,54.835633753612235
Maize,27.49578299976072,76.55118357291408,57.31699037749056,5.28157405877389,41.08904723359201,0.09846229788071448,0.11599215444219974,0.25498835932421327,23.04238266816681
Rice,23.92989448978859,49.62995138928152,125.00397506646398,6.940698351420533,45.30176439863311,0.1533617705911223,0.048835603318884556,0.31628187203067265,57.64280912816341
Maize,28.291642207065145,45.76410106236422,56.693997564472234,5.865585262439901,45.77881108484135,0.2290590080107775,0.1907813526403643,0.29344053777335183,27.9019420960816
Wheat,25.690814691657476,61.08813298652562,49.91958585835412,6.821310425708781,52.7919121993891,0.09586444044447574,0.05197139283119569,0.11809905038576479,42.539368690574335
Maize,20.635118295900014,79.76709189795487,158.1644217791138,6.732968634160959,33.33629288636442,0.12518830986516644,0.11015307444009251,0.22730717288385793,40.20987205760058
Rice,20.368218676359913,77.25322740601102,135.5403338996283,6.373735982237802,49.322047594399734,0.16391702911092854,0.12478100177416418,0.1085097174136928,58.349392581699774
Wheat,21.338521188006332,42.74413073232375,170.823048306626,6.087858488849204,41.143124388887884,0.2960508981435117,0.1976486131659657,0.09222955377553091,35.91495125190041
Wheat,20.136719648269974,62.7571842518078,233.1054105812774,7.155011848839866,51.735760572213906,0.2526696010509536,0.06656349178285773,0.25722418203388714,35.11487403096601
Wheat,20.75359060352462,66.12172880355845,137.74245120136965,5.318923159235598,59.62184131080534,0.24136708422826286,0.05830904297797737,0.2244911300936946,36.54841917466896
Maize,26.91714397168912,72.22733253129111,149.42369278307146,6.595342600612453,28.02604069615045,0.10556201043559811,0.04139298353000697,0.10214639500709713,24.11551283091262
Rice,25.34346275029463,72.50836752216141,31.510321397186107,5.420619543222536,59.78594566239992,0.2518190965952981,0.06489142989908837,0.08943359652961688,45.435155525500605
Wheat,27.499107494699718,58.23486247286529,182.23258861807108,5.744178831731166,23.59248617131096,0.25275913853352333,0.07316367665082682,0.3472342316205203,45.81382203800336
Wheat,29.13165752257643,68.0338597001757,105.97724963299748,5.679137235421029,20.092701916192553,0.2122425930373522,0.14089295065329477,0.0881057596802494,37.6946515301489
Wheat,25.85149532325472,64.05309419220433,244.41405727901892,7.083479173025191,21.76647744711325,0.2978795920396418,0.07515308646262406,0.2000226283235431,38.719903611411716
Maize,27.26120844071848,84.24991782616405,207.56176374295848,7.1281835911342055,33.67129618947047,0.15155585930340143,0.04328333035669203,0.2162471366440778,34.85123663917028
Maize,27.570812020424558,66.51325663174501,135.3954497238684,5.4026339773164,45.316253227137366,0.28707993861320735,0.1722589352803982,0.11166563990612016,34.74133737878869
Rice,23.778505492757866,62.051608087408084,39.57343700131985,5.048477352654509,22.761181635513985,0.28124084529043075,0.09849531216063469,0.12564668017872338,42.021306145657775
Maize,22.410848323296317,60.22427248409254,216.25979038734138,6.584017687258849,20.22663258118269,0.08252574514486313,0.09659146985291743,0.17498735173079516,40.78851965844164
Wheat,22.05045328506525,68.62138797167329,201.9474629017652,5.919577854515065,57.48364113835179,0.1790256358244584,0.08839664466686825,0.2856524865776889,33.546531064478785
Rice,22.514424395117985,80.19884897004488,54.30043108888792,5.1954485391926415,52.87706543759719,0.2949629312713461,0.19605972434342736,0.216912254496272,61.692149081490065
Wheat,22.74731797025909,66.92007451903937,80.86678941287443,6.504259032269494,52.367326845561244,0.10268669972977668,0.06721846676948504,0.25223350612929957,45.45341976256333
Wheat,22.072276490080565,73.08275875402708,200.41774195548095,6.199232162173539,55.37697102007908,0.20051263276433026,0.18371809023251764,0.34599712987448217,44.29799068182628
Maize,28.782206674791922,76.89278834532625,54.45482717137832,7.157137008402433,48.00137091088418,0.29537065154904285,0.16428853314238206,0.2873614675345666,34.474441163853626
Rice,27.569991321722288,66.00840549393659,230.26059740113055,5.5003008908950335,24.176165189923257,0.20220899330328923,0.052236792879890095,0.19727760449812876,40.43826991326649
Maize,20.4689646779122,61.34085283274322,111.88658204712685,5.888751327918406,35.96400752294892,0.12175936665387432,0.1978766562401358,0.20053931888506815,29.009387309079266
Maize,22.686724820253072,83.83326889312247,30.889351021038074,6.19360076746993,48.92597945858518,0.20808031062036975,0.08341855416624169,0.2470684608010713,35.12098573406453
Rice,20.221847420303018,60.875304201394606,205.77967444102742,6.741739974597374,31.213378431660836,0.1249769262689003,0.05577326832358598,0.25964860627310415,51.62353887767616
Wheat,24.98165186645893,63.09714252877938,99.64232392921302,6.207445044784129,47.496254565449505,0.19433493783678651,0.17269027746012153,0.21519194997590124,47.269597898256265
Wheat,24.76210696789014,89.51706566708886,136.35980659690745,6.348380353896289,20.979937930706093,0.09628928794071656,0.15306808538843197,0.25411253016004454,36.17604550699231
Rice,28.313714900625012,40.01187617879423,36.9530426586926,5.497523513497869,32.24549363518373,0.213206187227169,0.13875500894046414,0.08635377349180667,48.80604377375981
Wheat,23.077772397710493,49.27364547883612,10.620163562795772,6.863221201794832,41.96521345108691,0.1936937866081948,0.06495693819182931,0.1959981732521479,35.31995386185316
Rice,28.163857352130623,59.198194495986286,163.11644939039144,5.942987203335047,45.28359318024969,0.2428355011275219,0.11655937860095392,0.15531328053983873,49.98342606882387
Rice,29.67973765439823,86.62949547126264,133.64204088009558,5.310111180547892,43.08162657847643,0.2187541036549327,0.1648889643019542,0.1148771002156398,56.722148929425614
Maize,20.884082233656464,43.501485287373555,152.44925658955532,6.461213411911919,47.910251042937176,0.20091337907676646,0.08857983010301444,0.10687755845836928,37.675382356814765
Rice,27.91817839469633,40.4742716814249,200.49852409132393,5.475398997007677,20.243549929593563,0.23175134683458665,0.08987037256240663,0.2428618847159602,59.877037532163556
Maize,25.89955897137636,42.63419179886143,165.18541922148643,5.214637522526459,24.03764799910086,0.11166722098589078,0.04050254496769954,0.22137214773120517,40.19294549953699
Wheat,24.80045967018475,44.42717053068091,51.94562627857052,6.896371198489399,54.7577700911658,0.2109791254768929,0.06787894426326073,0.14846771158901967,47.7182799099485
Wheat,24.20535778665075,41.87983866031304,96.58540458654396,6.012356981874567,47.26994576360645,0.11786433262101109,0.1800649000194935,0.20715651586857892,46.32158084686702
Wheat,27.846682639443095,63.98906634282524,227.41386514906247,6.648424167930708,24.51726570744045,0.2836148857274138,0.11067943866203314,0.21290272509925023,30.378908067487092
Wheat,26.393613569742424,69.03786036136638,194.78672806040294,5.639292631573981,53.68297749594317,0.09503350306603292,0.19747751987750944,0.13265242471842625,44.71835907103977
Maize,28.05044667519362,53.584348553450205,143.59289390481214,6.731334296818866,29.689248712982675,0.1746824449319745,0.1033132741718068,0.25606512670804565,25.20998934045829
Wheat,29.031510586766263,59.91436919878178,71.35479947422536,5.2462590394473665,39.13039536780894,0.23307544508419786,0.1544298327648386,0.2908482262242444,32.65856085415965
Rice,26.172637120972922,44.58496675557151,82.49452044035081,5.783141422348676,25.807860515386412,0.1807648865670169,0.08510704686475666,0.2936951560401701,59.15466354397407
Rice,29.80462725092378,56.81852319142111,185.6699362205523,7.1517359995417635,48.404402256868266,0.10026095571123853,0.09820954258254935,0.24266685428993284,49.59229586223085
Rice,26.08087849541885,66.12595958172615,214.281822604665,6.7467773760096135,46.67417684057071,0.2017433835478756,0.07051615801454314,0.21814241728013378,41.7135149011133
Maize,26.366443216222827,76.61359035923226,171.14192068734746,6.0939630466923145,28.44449884664545,0.22115901994201798,0.0955299789599032,0.09647192861145662,23.440743359959033
Wheat,25.548156085422256,40.16731810214896,204.28719418442603,5.747510437436147,54.53603067428007,0.23483430841791164,0.1275580032673029,0.15771445068993356,30.018588337399223
Wheat,20.910020910513303,63.36553832688263,193.99747244809743,6.918698540049449,36.05224096878849,0.16211715918180697,0.19868366095667991,0.10518329063010587,48.064472546894145
Wheat,27.26397032650228,54.85014382274411,45.92895230966985,6.1986650699859345,31.700603642829673,0.20400519362632769,0.14627227409148572,0.3402322534371879,30.492359676824773
Maize,25.474463068991113,82.64109108459508,111.74675509919248,6.668535039312045,26.093183578581417,0.1791510244865609,0.07187935270533025,0.11647163948095539,25.236394237737777
Rice,24.509104474161045,75.77766576171209,46.71611219885504,6.659036896695561,30.646720500621498,0.22785232852549575,0.04719383065464818,0.12097936065979756,52.48788342063722
Rice,29.104712784032728,69.45542672354475,66.45654035247635,5.039480492850682,20.88107684895268,0.20838253281146008,0.0602170370103217,0.32018568694923283,50.69713977852457
Wheat,22.979594515419507,53.863282284838675,218.62230991625262,5.277758322143749,43.33029969824462,0.19566636830300965,0.13000883220368759,0.3348606365386436,48.23451753825552
Rice,25.236022760150114,85.51695510287672,123.49407175196372,6.451184606068433,53.689229853757915,0.13489536070441469,0.16242565261068262,0.28677384059342564,41.208668372036264
Rice,26.97641871493463,42.25503386101616,138.4859444422386,5.355563584828917,41.95921797766567,0.08044407390461146,0.1904670731681195,0.08145932939162087,55.36644123031155
Maize,27.96471775673877,45.473379933955755,52.827031654665305,5.562085358242331,28.77095847695503,0.11829796856851443,0.042531707519491334,0.0803634931582722,37.011986563109346
Maize,24.593468079461722,59.58150702701781,84.94522865171105,7.082603499239136,21.34676712855491,0.1057545291133171,0.12364162264989917,0.18208720784261168,43.292449342029215
Maize,28.420914150187095,46.22187786484282,65.25908042268878,6.232400968424806,28.585122930352114,0.1787986439024083,0.1153387769957083,0.11871674990294098,35.509281303093026
Maize,27.689177413153974,87.82078487797125,59.484679484422344,6.651604915398564,36.64485712284369,0.21469679316760582,0.14496880351611263,0.08496425838093127,40.09388090029407
Wheat,20.66235977851866,79.89946610716916,163.11059039583282,6.227557625321808,50.38445714799186,0.1268787019106578,0.1295326167144547,0.20529800613921623,31.674498756906967
Maize,20.458612664046328,52.949132580090684,71.65212343497156,6.215529952521996,27.513714101510963,0.28659256111278114,0.1499262640931969,0.3346267122998823,29.648487773423184
Rice,26.208056844220913,69.42771144866227,161.68371664490044,5.207134202276535,48.79165813418744,0.08147006842925532,0.14529321355987046,0.16743128522365647,51.218414034372024
Wheat,23.474134082254142,89.11652575400407,24.029107386052935,5.756059023740026,54.67733873407535,0.2499062233363754,0.058721875977271396,0.258507983175748,47.725764329114355
Rice,22.09130791078514,84.20994890657515,44.02585444650445,5.621347977110326,38.15787392433428,0.21754504929669727,0.16795486617899513,0.25610354534575897,44.54113513789825
Rice,25.796499344717382,70.0399223221099,75.88966096003008,5.859602404349949,52.85727966570373,0.16218205623049,0.05971721211461198,0.14779162798959528,44.556585170098906
Rice,23.41563210456545,85.18619835876353,153.291260054966,6.756357214093523,42.18629392140382,0.09110756777072974,0.15176490003346194,0.25561481718244333,49.85674449657395
Maize,25.372634167140703,89.45924549066794,172.20189882097023,5.818251869417103,45.4836334832362,0.21804704579254142,0.10658325882249708,0.13733017305746065,21.361651184170938
Maize,24.60119158983572,77.1676411446812,116.2520720270865,5.993733002309702,41.05113841352811,0.16483497283044257,0.12221611753225567,0.11294200166576004,24.56145101631225
Wheat,25.847661059491536,43.2493204741447,116.98981949853496,5.874239059067697,38.52690867005367,0.2859787706709082,0.1845276823001137,0.2693734871011163,49.3041927709147
Wheat,24.00300488910281,60.07901182127438,183.88404433566834,5.20549753834565,29.386137671033975,0.1992378164757485,0.18238139623575786,0.11062902061805752,38.56367879734346
Maize,26.97667573696932,81.89128676416227,13.797062023739786,5.970358748151725,32.127762378441844,0.28672333248457177,0.17085700890480474,0.3491654890191259,35.80048021056091
Rice,21.800672723492987,51.52845979025095,91.86160587381293,5.430340400697933,31.59880475774436,0.1285064125641269,0.12162374087301173,0.12953214831056192,61.78333778033911
Wheat,26.96501466227079,81.53212588753124,206.48969370861585,5.410791250700691,42.53155723815259,0.2396597002801027,0.1577983696214133,0.2404183029442435,37.33922814014401
Maize,24.11661214357528,46.016938101749794,154.77265845120934,5.206879429755386,24.798147720955598,0.21579478458671963,0.1220635288830095,0.1910711342813991,23.680676860262924
Maize,28.74317604854417,42.34726785739065,90.93451186130089,5.7846761431118825,56.6716676280934,0.2426698105628886,0.1791369731959644,0.11412433404953012,25.16452540554452
Maize,25.152360548642108,59.20453057456248,227.32595015912173,6.666460146536719,48.82620581132453,0.12722693007395808,0.10444413331726399,0.08751785504590162,27.83166191451526
Rice,29.731103492701045,41.836596871330684,195.4294545878518,5.6081717192834715,36.05782523652775,0.2262987935723102,0.1952376551063803,0.24813771621906494,59.08205261056677
Maize,26.019353955409603,87.86351314916628,73.57490733681601,5.68716802414813,26.34496578105512,0.18956888647251116,0.18917164131662043,0.29782454222306404,29.95701372722636
Maize,22.238490659063206,81.3102847896983,164.86956100617206,6.4138842468793325,55.27968678886543,0.24342149447938954,0.15865641911228567,0.30734422860682087,20.170367447503203
Maize,28.217906368444492,80.03848435649375,152.9801747653496,5.430849787691222,52.95112360404661,0.1519498217133999,0.08470654146817153,0.21033263773077226,33.085179626686795
Maize,23.450826278223868,71.48889614980766,106.28509936935585,6.973307446931775,48.86886210868717,0.2758125456023555,0.061064574206921345,0.28991297613924405,43.03783479768545
Wheat,23.476192144826836,50.81620115182768,98.06945900915215,6.14441915115342,30.861881896449695,0.09854628921449708,0.1767525520149116,0.26166872604190705,46.24155222017358
Wheat,20.31804681485165,65.91301833381961,92.45451394616894,5.984726468704477,36.09786549734676,0.25758165013406137,0.0664483657820738,0.27554872242476597,46.504227425192624
Maize,25.487153092074088,69.86370362151705,158.11738801495522,6.2272044222442435,24.109930098096935,0.26949031767931997,0.17668172623957373,0.21300173140988982,39.87645044015328
Rice,25.34423503732523,66.25157504301342,116.17838475536068,5.36527548951563,27.56158098910127,0.25979550850070066,0.11852240107397768,0.2510211698653743,49.71192476831271
Wheat,23.559914842719863,53.011668397576365,209.64714718034128,6.349640905006188,51.32066549266931,0.19279980673759073,0.10504908540929667,0.29749199666553533,45.303876675087835
Maize,28.942172628959256,65.76239621573629,170.70462787215087,5.798821620594823,48.60154875402735,0.17644469560676748,0.18451052461350867,0.1874287274003962,23.579033945279825
Wheat,21.287483982996438,64.55931704343132,26.78358537026419,6.9738099501221615,43.739430519037384,0.29917770303547286,0.13661615720644446,0.2976143032342476,43.15432294551907
Wheat,23.300995133101555,89.8167887903362,163.64037371875986,5.371479254690909,55.829069037046914,0.13041782926711565,0.13225824114075485,0.23984454755304696,42.83137133369989
Rice,23.21582764680029,84.8718074023102,75.07538476004436,6.115512428503971,43.33066071252182,0.2003127124927298,0.12940255113990362,0.12479327658011227,40.76709397269204
Maize,20.92290586228746,63.169037410780994,152.27487799682143,6.31584778461184,38.67871999854443,0.2275486155841116,0.09938712256312503,0.08666472245063785,39.69925333977329
Maize,24.81145394056293,71.14686914675593,173.23166346482833,5.073443923930038,33.61482985223051,0.23419087988951504,0.16570289656466036,0.17794347210777106,42.58120262737826
Rice,26.87784717096083,77.39358020461142,65.3990053969629,5.800124874463508,57.6179402294469,0.1248854264624873,0.08044775104252369,0.22760800864001174,48.022458354163234
Rice,25.116570135472614,41.743258011691246,119.64607477128848,6.6117975163418325,23.308618460974138,0.22387870031475626,0.19022319360660403,0.3067514950949418,64.37172172558452
Maize,21.569776827161938,84.746072061392,55.67796707657627,6.804830516387741,57.235494882432334,0.2600413046258942,0.18303763280751373,0.11442113363786646,22.060149296548705
Maize,23.772859652420728,83.00634082089618,22.561330188761993,5.688956388598021,53.068586397240736,0.09100408690064468,0.09399685210798371,0.29605571387456636,34.99919645652665
Rice,20.025950243836466,62.87160488868537,100.83434163660857,6.756905199242053,25.19719698142805,0.2805346845315696,0.1567142031730662,0.31301244243815124,54.56940596002831
Wheat,28.683011070355867,59.558488304018994,97.10662524303808,7.129062929627455,42.599374307010144,0.0864908921319453,0.13171571111193464,0.12068562149022512,40.91847066618
Wheat,20.84517007680682,53.64796874281575,248.9153177690217,6.885122659365207,54.66191926996348,0.15831362714744673,0.09402388831987754,0.3099304662121391,48.5241040376869
Rice,25.972780822554306,63.833841416518425,117.12456428743411,5.258816773950516,42.87236654428615,0.08347890317125166,0.19816346367927148,0.3476924633175538,66.13945741740561
Wheat,29.862569958668153,42.21883317666184,90.0566918733281,6.62740673058819,56.28799286242489,0.096971937078708,0.044037975335722276,0.2762464843830241,45.70167314479514
Rice,25.365906459873326,82.60967666735039,149.3140016120019,5.703267031369198,57.7193526726417,0.28045702273961737,0.08042336489940587,0.2918878140927467,48.21095373035113
Wheat,29.240417591074333,41.77111842092725,31.30417458586443,7.174515176706569,36.895380887372234,0.1580693827641525,0.12321184977778407,0.3484921222408958,48.23637257372184
Wheat,22.361165331174043,56.45256826849355,240.79977662915516,6.067789762951752,35.09254645625295,0.17344973669351163,0.12351248055657021,0.2434799376420052,31.950153849277505
Maize,27.599554089375857,86.5794744159495,162.39041094184796,5.26935457638967,57.45284615876627,0.12737576390416158,0.13422929199129027,0.16312932314438733,41.333230413969694
Maize,25.31265753973534,76.76063272617264,191.16107678580346,6.595408205660259,47.005602445986725,0.21136106944107835,0.1602681875236671,0.306133325200535,28.204001808840196
Wheat,27.20516061391465,54.06954802887634,50.91470516174021,5.710624636449671,24.64090725392677,0.2108567072291137,0.13975645288308744,0.2459111599281404,31.075446233239667
Wheat,20.623413625112413,52.632454698044256,108.27468472124893,7.193571945579656,21.69166996890725,0.1618840862015482,0.13604503368448592,0.23692276440465826,43.38713968481497
Maize,21.477390919062266,40.2541069909013,111.44538721508549,7.155521407279949,42.58516203989053,0.15326767179718764,0.04856231406608693,0.14848159998879032,25.781998207898887
Maize,21.331169285874783,74.7857146424875,207.23354653626083,6.443494839645277,57.20683861753698,0.2746921477997293,0.10024484604628772,0.2842102527873794,26.089278146615797
Maize,26.87165505403331,42.43917908365866,10.296803142258266,5.285618187693778,53.76994809623274,0.16432253272128428,0.07712891835218497,0.10205016448222598,27.651179155719287
Rice,28.44440672633629,66.63012597003811,82.20474600478121,6.5110941948850645,47.03390985857346,0.1885702182739698,0.08245921785631607,0.3295575091145585,41.910543025075505
Wheat,27.496162320085872,88.10609862960249,245.49672984263293,5.20466707021206,25.5646339556435,0.14232704773348473,0.12869399589445518,0.1679723344080309,33.54254288396508
Maize,20.304721527335943,45.473443002722696,123.97277044149247,5.064601150025263,30.169255349947825,0.253089290738568,0.07192085038873736,0.11449915625329742,20.12849068963901
Wheat,28.672149810747232,84.72399654840336,101.80630725856199,6.8105085816872695,55.020449062104646,0.16743859451780013,0.0870318561627036,0.19943896393765306,38.90819042211574
Rice,23.541466707931257,89.5737667572524,38.758960484235125,5.461456484904099,27.31228946627602,0.19299443023975138,0.07793355336277441,0.09146687549926395,42.52766132253914
Rice,23.971638325040825,43.075851311961756,243.79951087072374,5.833859677682014,31.13757633001738,0.1357385774131255,0.19176047091491116,0.2648490724515409,60.47957815132597
Maize,21.04869166532481,84.14531345687305,14.806325422197872,7.141606257947581,25.184026047817678,0.2972851103150754,0.19114651714737524,0.32373048782024616,25.89057127979121
Rice,27.37405206093819,65.80395102218083,186.92325400173834,5.741049104094428,47.04432925657645,0.14412906300321904,0.13759064937536827,0.3060610119273973,68.30722432105532
Wheat,21.82283878475958,85.325685972229,194.46395314924203,5.652277518823293,57.75929221452839,0.24956335679922137,0.187923594997104,0.11438975783092789,47.42503254797305
Maize,25.639650920188366,68.56594709597871,68.47761185532799,7.020057599170105,30.75872126381544,0.174049043078487,0.16573002327493971,0.1140932070190876,27.236022374205206
Wheat,28.40709985877931,73.10560050532823,171.17402646712895,5.243646579701708,39.01626431400295,0.12536782911851077,0.1343916612482894,0.2996273102275513,45.664309093133575
Wheat,20.89204328712056,67.18894539986997,32.30299465105358,6.67108130225219,45.37358958844817,0.25593812807226946,0.041029633839487316,0.3295486541428413,46.06489809329612
Rice,25.353355640155236,83.22464401536743,71.69134394369917,7.173744246636103,59.97864992862523,0.15339349358638948,0.16360260577270466,0.20438085405504205,69.5968934234323
Rice,22.332164115498014,76.69549594768509,199.0964771901436,6.982851223704228,24.192322599902884,0.27034253642751843,0.15239813465415503,0.21472220156671679,57.93519960537055
Rice,23.429268642782603,66.06301560902074,217.52468608804966,6.433669421154137,39.94283198022836,0.28135658068192104,0.13844058452518623,0.16593075117414596,42.45897203930986
Rice,24.739699414305562,83.40804020257735,156.0367390383499,5.69093374898401,35.4048047961,0.2691612437860807,0.16166788986919547,0.32145158192923173,59.40511686779143
Rice,23.551043032793046,52.26427661276673,131.6412236369158,5.559508358592296,54.63280660889421,0.08770174125749725,0.12206754636396253,0.2541237844289361,58.749392451281054
Maize,26.48822840291576,47.8670329851263,48.23296494855527,6.8023612307172145,39.03870924046623,0.2532221359011232,0.15265332341141424,0.15782792583518948,35.958764435510794
Wheat,24.7958210175425,48.0200052665036,25.14616793899604,6.935608210693729,24.439100983405922,0.17049468262981166,0.18962753387623893,0.1606713751846479,36.14291296208423
Wheat,25.84199484714169,56.700443937261895,38.23576683365407,6.155956807600525,45.37696581146335,0.2722190424400895,0.1001288025353738,0.32062401972717264,47.19359170160666
Wheat,27.36822475394913,51.93450156505088,64.56575202306371,5.537547869730226,50.83122473055519,0.2203499377906425,0.15329949358410008,0.0836811864545718,49.189443659108235
Wheat,25.577422659504375,86.50451752548693,92.001880455261,5.248475058504582,20.115250066624583,0.2634014895116708,0.11611005088175338,0.16713617463619235,34.35425025956303
Rice,25.86535434660759,45.2917046914292,101.41828612263693,5.191794829230028,54.35826741682518,0.18987498937070377,0.14790394429023704,0.22967630392841965,42.644564744099334
Wheat,25.644585425226413,74.94953690197939,93.11722446136085,6.581970384178483,27.440920000226626,0.1977056110117652,0.16206293368869826,0.12001871476681764,33.890700663369685
Maize,23.787726259512894,49.461076989250294,67.37327972734374,5.924261201264995,42.082774586135116,0.11176527906940678,0.047272400069727355,0.10486666363388925,40.51380348139297
Maize,23.374468338719183,84.08185663851751,132.33381922040755,6.991791723411315,36.631900027498006,0.2524772189116582,0.1434560710317859,0.3001246093944512,36.916115870496185
Wheat,28.996473971450122,88.06576440924536,208.06866597589524,6.62727686159888,48.786152664421216,0.17226571456673376,0.07627858950511113,0.3214891849350969,42.72094684678253
Wheat,26.075552222935727,63.27350043849918,77.12884923315501,5.420772919412091,34.84646459142967,0.19001762601974814,0.1472052060492107,0.3023737336155111,38.03586270218849
Maize,22.443531554646544,83.95357401140657,236.17288458453595,6.350310321394538,54.79052706726843,0.2527214971010557,0.11493282974941016,0.3226727302290838,34.44569928778589
Maize,24.9824769784894,40.25725853773574,219.6007988137235,5.958111999675951,49.21985443835161,0.21174598801747657,0.16376843869838195,0.22934023218576027,27.696853131859186
Rice,23.30348481280914,80.99734587040501,48.8234107245063,6.269949407690949,45.908526842516864,0.12424172003738683,0.059744130432895434,0.29930969266739227,54.31600238253884
Maize,29.336918237598745,51.43125807624617,198.70622962170268,6.623752071344738,51.849623822514175,0.20985118501319638,0.14021157626499123,0.1836915123655971,39.82657570926639
Rice,20.075343631340747,85.43506546346839,147.900971756264,6.77363093820834,50.16092139713529,0.16967922875552427,0.08455531662840837,0.25989232259934036,69.43724792366386
Rice,22.25332797712528,40.056005574005475,145.97808692114046,6.856222118094793,21.43754699686213,0.18329561924964977,0.17647711925289464,0.3469855934750744,67.97466770769405
Rice,23.653568196740576,67.80908675198785,103.85026313396186,5.558744724058455,35.789374153793126,0.08622848036858691,0.1885413609018092,0.1409464854365644,68.01597828538746
Rice,24.878098008087377,77.83179018924673,130.27671980368234,5.068454319818187,57.23229189265959,0.12620645689358195,0.19942372698864888,0.18527293149859175,52.06671204541337
Rice,28.508175178361462,52.9344165348954,105.32290658301065,6.626448417362501,25.02897075968905,0.1418283779038262,0.16736118438836534,0.20961279187372311,54.06369641520373
Wheat,20.87887624540144,49.656643229364654,139.53582850238627,5.233956197762704,49.48386201728205,0.23685120172893726,0.16059745126848074,0.11726418149541395,44.11270792737963
Maize,28.058648867411435,44.204911223399236,160.7080126654326,5.692823094948529,58.983672453413185,0.08252834412558537,0.07448012141880817,0.10188042482556534,43.05479820128211
Rice,20.556534893569754,56.32167882516465,171.83291353817162,5.008397695073564,22.087945161798864,0.16993099747040905,0.0937611294384174,0.30402517390683853,44.25982778056254
Maize,28.423140352981818,67.99221561544147,137.79548621426227,6.499672861283564,47.287755225064416,0.2832859114936612,0.11450920668196474,0.34373448066344825,27.606046595679892
Maize,20.51635477874513,45.792192839012884,183.1412961588956,5.367690425236686,38.72616565204122,0.10461373564080724,0.16374096764515997,0.18927576723400782,23.48117111485274
Rice,20.18242481428361,58.83476809933994,43.906731826121394,6.441621301321648,43.167010214988885,0.19361336540809443,0.186394538412475,0.10366545577255638,58.36025589878366
Wheat,26.969614623664214,40.45362023263625,60.87579781653724,7.181833757769246,23.413653459372995,0.2530349241259863,0.07026225600367754,0.09776917538645565,36.126019937750755
Rice,29.972555347683944,80.93397102499209,206.49640097782483,5.159875917542036,21.72027807467758,0.28735688765442563,0.18757879754721646,0.32065591571728064,49.783235575377205
Wheat,28.966102629740206,46.422435904659565,87.40671468313964,5.169571626293213,46.674666422036864,0.24429086069741796,0.1512999443766493,0.20522984742647354,31.418319189759586
Maize,25.759984178056598,54.16714741327908,15.49451799426886,5.748836203866685,52.93237719282872,0.23852442070176932,0.13772331690960618,0.1664073754718458,28.744901545189798
Wheat,29.173956130855316,40.92138593691087,46.909875920327465,6.906050331352953,51.28061339731869,0.2618273798430677,0.07197460340511033,0.20864454323463788,47.24993014803171
Wheat,20.053000063976054,61.612039194625616,63.6674642791147,5.47416571134093,41.752229114649495,0.1781642686150596,0.04888400524946409,0.16594210556693378,34.6614562378167
Wheat,29.750671629451425,82.00607513706095,239.75749309470092,5.792831203846765,23.994672845447127,0.25728579717592326,0.1309543837612704,0.2120396593330574,43.903749324201314
Maize,24.907487792587844,59.60756057225983,147.52994294340382,5.150711894579355,47.52177775344055,0.08175216904399925,0.14424250933262278,0.3120802271678429,35.74070862346481
Maize,27.228960966217755,48.97486617119167,233.85537771430114,6.6789416407695565,29.675555342165836,0.28340343218289704,0.07372503189675012,0.2399213701867658,41.58711520922788
Wheat,28.208614731533526,77.68494170252596,148.03920411918998,5.898273954070793,56.44274811069535,0.17752743209377855,0.12903299293207302,0.2675565186587473,32.64575895302077
Wheat,27.184572708365536,79.44034909353721,125.04506563308442,6.670347212733854,53.530614381828194,0.20174364133046446,0.1770389444420118,0.17846108258327087,49.55179920690087
Rice,25.350367320449106,48.68767376537834,85.29464588658306,6.987937257562949,48.375318683495635,0.1360740947612741,0.1736105512728032,0.27939658719784005,57.47885938121097
Wheat,24.76619484126412,78.5427054270495,155.52902666401013,5.512078923622836,57.953838233245214,0.24335678322489268,0.18837682889380755,0.2599866129174305,49.90948304693629
Rice,28.385825587026247,87.36489441281691,43.40752590820716,6.776271266747893,21.25687286045092,0.09685987742455474,0.09854172952910087,0.11228173939305525,67.34544177597553
Wheat,22.050775601494593,48.31887934661361,225.58279055024943,5.130006558172157,49.448017002430475,0.27197987656030376,0.090887931608147,0.23461357034120783,34.430345442262116
Rice,29.679940665042345,78.54921462660678,209.0397772339081,6.977464253996544,33.20971117345621,0.2621857023813954,0.1599081609569294,0.14932074400363465,41.68486029709939
Maize,27.109524788367484,75.42860023013147,86.20754749041689,6.431690804629245,56.24263542745461,0.1275332255738486,0.10897798481552079,0.29710583080107,26.39097734488404
Wheat,21.995069273383198,63.67869442175443,238.67140662431063,6.923298793104374,30.667007866479103,0.2580513676227577,0.0540077862444449,0.19500318128607363,40.5512729799884
Wheat,27.36247183698488,42.89602302793992,208.04818417973635,5.00041447902448,48.99425997260068,0.2529987012735259,0.08524818090727995,0.3485647246030515,33.4319273413038
Wheat,25.298400231811165,43.7347208878927,169.91365260040953,5.371978354783184,55.10588078603126,0.21908765150586879,0.10697316568503826,0.10497511824352022,33.34919489035977
Wheat,27.072300956444444,82.62073295993238,39.222858670065946,5.857470652338282,21.666272735307295,0.16217443891793126,0.08680262807620032,0.29069392293984275,39.25187094210306
Rice,27.677795014428387,89.50741863753235,124.77616553153734,5.834906387424381,35.905903183681446,0.13972972592001093,0.09315289135157145,0.2618994680563822,40.99803913508075
Wheat,20.872901795896755,73.80261285933773,131.46581316322022,5.498806842431724,50.492361280877546,0.130992389863657,0.08700414498790252,0.28722468425949044,32.437761650645406
Maize,25.061039563593468,62.29791535051608,65.81232600769123,5.83954626770784,38.19675558030348,0.15009397180799355,0.04663986674929271,0.1630330447824232,30.396533485198688
Maize,29.32014342256934,72.37868217009537,29.191694646232467,5.283467166400561,30.69010519174381,0.27878285755515664,0.1419351521319108,0.21285471213324814,21.578247730199163
Wheat,23.206421921595144,69.71979296142726,196.41367131320624,5.908074484385257,28.7922139529276,0.09708097071753188,0.1355667872565551,0.29505730032540123,37.935101129110585
Maize,25.938830975578988,59.180613020281086,39.28841250985481,6.765179524150382,25.260730676655115,0.2623516807756509,0.1445413597565889,0.14278615953763085,31.850156648711128
Wheat,23.69230481509896,43.28130722870065,152.62978013482592,6.053954138827373,54.285182394251294,0.15675581650920117,0.07076958336538039,0.14102896313293606,39.02533228146229
Wheat,24.542679722190996,81.07564737037205,234.74780173207853,5.039600195679473,43.01421613006224,0.19475186712249878,0.08730472665799766,0.2287837573896317,47.38349714806175
Maize,25.486031179381534,58.59167646193623,220.2652462235302,5.927176891474344,23.055397799658238,0.25478683940266794,0.13913854831118758,0.22136216647306106,33.25156137629331
Wheat,25.48921979888977,80.93928216785469,76.66062969982266,5.059785035399857,35.30321294282542,0.2745628403450537,0.13594041095358741,0.15621086701149184,39.35960924956087
Maize,22.01730462330236,52.62543748441911,214.3476730123037,7.1257355035549566,34.709346032204394,0.15585191241598234,0.12101284949668284,0.16048042564170212,30.267731134791653
Rice,26.845715478798333,40.05147399228167,10.079801468917458,5.280398710730312,27.269567628378518,0.18160556588052426,0.09606612000163159,0.15501819406577266,64.5287013491346
Wheat,20.87868111242657,47.946914163837825,14.245074307181733,6.556914317927362,37.42030501888763,0.1711935342596943,0.1860689607639504,0.28830825673959165,47.901132079996664
Rice,21.388247734420204,63.42697083842921,154.6127593222876,7.140107910362589,33.283974615725455,0.08291522737086032,0.09436323876781501,0.25601323370186435,65.59727407591353
Maize,20.027108994143298,87.21518174789149,97.55157259468707,6.817285913666458,33.6721482196873,0.14510743554890443,0.11289906502996025,0.3047526395207682,36.83866445328477
Rice,21.166960641416814,45.10968098468595,102.75060187819531,6.538493825277648,49.56106231151835,0.1810216314211636,0.1484982129526734,0.34337771764478586,44.120852379060224
Rice,24.731662010518924,82.7104887230783,145.4658617629318,6.846814000901688,28.930535420207853,0.17044059395369676,0.12688342893868226,0.20802435999343633,48.30609908476037
Maize,26.061018810558387,66.3512048105931,56.02778934204654,7.159957125173381,45.67439835421422,0.23882443005344944,0.09550175621830169,0.0980073479794712,21.151576592049437
Rice,27.942894499664625,81.29603828999484,60.82128415971481,6.366957893957765,42.825984955237395,0.1646567957886427,0.10970316647304157,0.09298492381124956,67.92472224970342
Rice,21.06699250113436,54.91872154949963,126.30438088452752,6.230206575024519,42.72370049351469,0.18766281877354746,0.16711693085656099,0.15982956060333714,59.82395589072731
Maize,28.507274600164546,81.9973582336236,191.02085064252714,6.382123843019219,46.520293845671034,0.17451389026911993,0.08450066487785798,0.3317870391251617,38.65907210783104
Rice,27.45974525548718,78.64113900084023,158.67946033782104,6.171886950875421,41.935281447826156,0.2429377527567615,0.06276083836429047,0.2212675248421362,49.34715218746687
Maize,24.08518292935917,51.5026841515717,81.36521157684133,6.397196033001381,55.17020459385539,0.26985392777713174,0.09010611229276433,0.15338235934163486,41.14133805693356
Rice,29.329380670999548,46.566756320468905,113.28092260214109,5.98965285753963,47.02320367801039,0.19701559738165308,0.17592547447806423,0.18777503451797528,47.788098511254354
Maize,29.909294764573907,83.40271612661465,50.95954205199962,5.480575002343276,41.878530054855524,0.25367508272294204,0.05423835437701546,0.2416206789992611,20.041093927811243
Maize,22.050018100532373,88.1618326720066,27.911155440899613,5.2645438983256865,53.190524811505796,0.14529307004436712,0.1986713717395923,0.2562964076972174,29.41037406301735
Rice,23.792285849638006,41.565115687375815,197.84704977859582,5.1503500581709725,44.24586259733919,0.1991013142345991,0.126560463828426,0.12155826764138436,57.122844428772204
Rice,29.26449423589711,76.56350334868428,73.6929782051667,5.57929472425704,31.64576991140716,0.15595058980739393,0.19757531903473505,0.3437985526671975,54.361145738965675
Rice,27.21596550751277,85.47622554739092,52.66393308429957,5.101471841538615,28.28379672706285,0.17112420362580266,0.19023942753375642,0.22708850128535296,65.8622842772979
Wheat,20.480946439640878,82.86800460462493,175.98833333663663,6.247775715822648,26.09311142650715,0.24113105025878706,0.1124501942737467,0.11663584580391541,32.10810571912334
Wheat,27.81514481751415,88.22602361351042,158.33240182892465,5.624422583451745,55.978208501844065,0.2739657461131968,0.07175857193685586,0.3212815184034561,41.07646881267451
Wheat,28.27940887177492,78.00470392190485,161.96551024323136,6.813976577791471,48.40541727192263,0.10672898603930839,0.06638156425042216,0.10015237639144578,40.25958699641815
Maize,27.505019247653134,62.11493811904551,64.93470516318726,5.1633299205744505,57.49513752657283,0.21962063642722368,0.0783982982191932,0.32508856695792837,27.034824554304073
Rice,27.995371309195157,55.59759952475652,65.83492925504345,5.497973287551269,44.13167222859772,0.20807163766711567,0.15362122249032598,0.34907272719802523,64.66684337731031
Maize,28.251326766927974,56.037137021906375,62.99263114855339,6.606541523598321,38.9360352597965,0.10605130861870501,0.08367199915703806,0.269116585772256,38.82121639705515
Wheat,21.86404986788144,76.22113363070585,51.70062295895068,6.317378252043682,22.388659558835574,0.126616752696824,0.09462804313668774,0.2880207496899772,44.65718374663662
Rice,22.356917460649996,77.29185060154822,167.37368141479752,5.141880796748168,46.86569126184119,0.14842054884118966,0.11180460863913838,0.1710717658462213,66.28577434808668
Maize,26.337585637201773,50.01795717743563,213.52381245985634,6.929926805756841,43.28835039072925,0.11672483557985032,0.18611722886743304,0.3342257502381621,38.069615015538034
Rice,29.078661304625157,83.40614067452654,183.8361927223987,6.929975878217595,59.60835574350486,0.13362048615535518,0.07030294686157537,0.22302277084925926,46.9552387514418
Maize,23.161965822964945,75.74620201011238,200.10247210253036,5.726897608526702,29.56635111128972,0.13887217574957564,0.0408042484175685,0.2777448805813398,37.639067791242276
Rice,25.883066757950566,68.13751431716913,107.15162298044795,5.748892855369043,41.22949421147344,0.15384824326859312,0.04961542566050722,0.32950908329604545,49.23108440169531
Wheat,26.829820634171323,63.57662300512564,166.97819088927955,7.175862388370383,46.03829340472291,0.244865899616255,0.18476261466881888,0.3432985935133872,34.84349300694941
Wheat,24.51948601299039,67.16164028949791,95.01669770674589,6.3775875775049045,45.78364698969374,0.20582068484713212,0.14360263437493812,0.30496517628110204,31.460071857992546
Rice,27.13782454855326,47.962286913963226,136.1211092724736,6.16889634524973,42.45174171793611,0.2969742678293083,0.08368649909244909,0.16181472688514809,62.3208574104303
Maize,28.99667445292173,50.18506246381371,125.59236316836696,6.843934803814234,51.07712041308902,0.17124188193284362,0.06835080016179057,0.34096782946906223,37.77502404874528
Wheat,26.241015441818377,44.55822452030959,52.45291483452505,5.627638744386096,28.199248381072657,0.2458503162441235,0.0870826778619383,0.24959227343576434,34.68998955348187
Wheat,25.39781061914633,47.682901908055634,102.8989024805514,5.944201705471985,49.02508801097663,0.2717230527028374,0.058367508360204816,0.33127346861502915,44.98758033448312
Wheat,24.38744675388339,62.68468173026413,241.31734611576425,5.5891086860743355,44.78938285732357,0.2293752684683692,0.1906452656455106,0.262548356969875,48.35681766187106
Rice,25.774862709061257,66.5177196864128,69.6592618515861,6.736153862495209,55.84300447178293,0.17061024289184912,0.1654729878984427,0.16295451969888453,43.24086872474738
Rice,23.55362451818396,40.89309462391597,42.11289670707729,6.26136856039748,53.88777756134327,0.2457908187640656,0.11398258830600652,0.1799066215185603,46.97909915160325
Maize,23.91482110201502,79.83989139320138,110.45934918974447,6.449415154308156,32.60588156530213,0.12480677030999066,0.1783940168184323,0.2286273798177939,38.75651985218289
Maize,25.31857479688174,54.708398667173896,199.68105660643553,5.555075949646694,31.049492999006123,0.15206147633962913,0.07991331268691718,0.2933040072211681,26.862666837676954
Maize,20.66619112390817,85.59180174799556,149.71557514719333,5.484495663030093,59.26613295409791,0.20027075612184353,0.15473929095555097,0.16585528886189044,35.61659935709292
Rice,22.290253909247962,88.37556318068889,173.43395853717868,6.074424183762465,41.09060723661026,0.20659006520295264,0.17698119984219896,0.23652741485623185,42.43492673391144
Rice,25.42849310613409,49.27294373383272,55.52676356192252,6.622644648004219,56.25683855657747,0.08487112460397848,0.09708299385972362,0.1733187482656284,53.56607437310616
Maize,24.315281431364426,63.10486453828303,158.54756632185317,6.155527466544353,26.55524095121929,0.2879251215263219,0.16119431127211484,0.3002577392514789,38.477285549823826
Maize,23.328157859124843,40.06159175832129,87.6400947787537,5.071820490600471,45.71275659200697,0.2332579996678258,0.0872115758822895,0.20601658531734662,37.162848576081316
Rice,27.305491368093016,69.91636325612134,210.2328078291442,6.910813313904636,52.39440749442345,0.189054825051016,0.08781714164144493,0.10071516325027902,64.45216302027421
Maize,26.937176074033385,70.36532241313355,161.0317134425767,5.14231116573329,57.89580998345787,0.2852879915698278,0.05712914856866977,0.12483418080001482,41.936303165079224
Wheat,21.66730759993383,52.37699778016876,57.72550666607102,7.102813864185656,33.49360564068094,0.17660102435518227,0.1104092874415038,0.09649826025730071,45.46367002517516
Rice,28.786291153734382,67.9206336291599,25.508003162580675,5.05531230821,48.9992467969621,0.29569582545948175,0.15675390503958755,0.2148117954238678,60.147632288167785
Maize,24.954236264039658,51.277007122186774,20.231970228887857,6.527791003487559,41.55252036158476,0.19270264659356673,0.1904353288914056,0.10871107028402133,20.79306229540078
Rice,27.414609111390455,48.041273453909504,99.13805623603378,5.180855540165919,22.42515704265873,0.10514286939955547,0.13660751870865537,0.11081779171360066,56.049000202283324
Wheat,25.731508492573887,72.57597334011324,73.80427279703524,7.003488474757307,47.599989492357736,0.24825621394104097,0.17810168603771825,0.3340830302103618,30.753954498297055
Rice,29.97692615923843,56.296273197603746,165.06162963100192,6.021753119696195,47.60386232951374,0.22935749951712492,0.17159914388643635,0.3156168694875349,64.24203451348068
Rice,27.524031200388226,69.51319694428112,129.8401203948684,5.302552304597434,57.22427219386148,0.2500570786872291,0.06773488847604495,0.2020633811390688,49.62173573379873
Rice,27.06980461243459,61.662337448582775,73.84462672129138,5.749794539537662,39.8924978467589,0.28931724631964983,0.11773078862602104,0.3461674366295555,56.87288122353763
Rice,27.78571939050751,89.2175703701452,45.81706670804227,5.362614285762876,29.210036828420588,0.250827646583224,0.058707765684062635,0.08005036260607905,48.383359219567076
Wheat,21.431279855484696,47.47903213337829,40.5279430449879,5.375280205425598,21.782552937947166,0.2144940524876623,0.1491445058498616,0.2457744531938163,45.65000288760587
Rice,22.045445931694633,63.22992983179051,217.51849411370023,7.085838304377173,36.62568746743623,0.26860795851938496,0.19198394691937218,0.24643560789040492,66.59507579925707
Rice,27.140640822236143,74.02283131796626,68.43471241716813,5.979541447026534,32.076668003100075,0.22811421665799692,0.061934313292601045,0.2035096250848698,51.95927482639192
Maize,24.939814871308627,59.77725419399843,166.4105554986324,6.7353649805917915,50.44353224095502,0.16978619250170307,0.15742130092840662,0.18717595269225906,41.57305983777472
Rice,27.546352918601166,88.73499259353449,204.5646227167039,6.4071322345909,34.170710593641864,0.2748363481331901,0.14115810413885777,0.20295344657976405,48.012250223689975
Maize,21.02916030744145,76.09438139634676,157.37951468433667,6.488137997144463,57.962847852593754,0.12881810137256203,0.13337680592129597,0.19203931774151373,33.36652307688809
Wheat,25.36481351484595,72.84919287822466,216.295655595267,5.289725564638485,58.49240811951137,0.2372210804799193,0.10241923755013428,0.2772329689202208,47.175228596774076
Wheat,23.788215655569157,77.85296338056116,104.17449316683388,5.515205782994069,44.83634360870832,0.27394396008696653,0.09682106364061002,0.1165459674427867,36.51762685231581
Wheat,24.570002192816784,87.63243190193586,239.4933257557476,6.730850737339761,57.14641148059532,0.24088963433472516,0.04723987024302206,0.13336258955960514,49.080845301561716
Wheat,26.039578720725125,85.39093264923201,41.95480100274327,7.135685654244522,50.434173780579826,0.2334005921918485,0.07486539332032216,0.12873992166595438,32.43759003562767
Maize,25.022883474625303,76.21426540632059,34.51588711780914,5.577886413717033,41.87438563900505,0.24558042469580393,0.0424283011658923,0.15086705798274141,20.456876743087655
Rice,25.398606371128366,77.45808195506416,168.08611508978646,5.597451282452288,27.212317416911127,0.18231215462614175,0.13302673689312328,0.22181977307102746,67.12406057734572
Wheat,24.863574819956078,47.296103701757275,236.27947393918282,6.040373692183991,38.3439177405536,0.27231755007454567,0.05693651774046542,0.11002636178131905,31.372973322957446
Rice,24.089551770854932,45.13962022463328,204.13203079271875,7.164448688281963,42.43497853450471,0.12475602452994006,0.17968310304475457,0.31440570973815607,69.75667587842474
Maize,27.71881980598245,68.54522509220821,28.340046265132344,5.591709680818236,54.55846322940041,0.10802501152007464,0.12370288331154644,0.16028761345328751,43.78492154947765
Maize,20.122030723180444,40.918381847027,77.04825134433193,5.895338201195381,39.2533350614266,0.14281193162607253,0.15195038544939335,0.12388525661655111,23.425522750908016
Maize,25.984427012052272,64.11781907757958,233.27653236107767,6.961256034371715,55.90698690711827,0.19694702729049848,0.10573713469447943,0.26241775359152564,33.439615642314145
Wheat,25.655083473229737,50.51747899594343,70.73402387218829,5.006426271766997,46.973959160938755,0.19232359499005436,0.12969276944016778,0.09028330116181621,33.698405949342884
Rice,27.161790747329523,57.300828382241974,197.4809017088606,5.0874851229748534,25.479962522146856,0.26053172668884905,0.19082546831466088,0.24739151251602431,52.844655190903595
Rice,25.990293647773264,78.79023678964779,208.0317270228889,6.328957689556683,59.79925477300372,0.16900510440888383,0.053237446339787324,0.26851357628265493,41.84275387779498
Rice,28.267988278090783,87.06187521161932,128.90850483063562,6.996236362368263,41.089306430156505,0.1865557737841319,0.08063004350779138,0.13802746347441416,46.717737633897684
Maize,29.590747945640278,43.620813607317075,102.72373836359571,5.5254846528842405,35.67433185636315,0.08294089031706704,0.1647981323056871,0.09133029982978126,29.081819909972488
Wheat,23.425242571785432,66.71211029882225,118.02986378074232,6.03321190429756,46.36455057878106,0.1701426320174466,0.05579795310122654,0.17818424690825138,38.7729500049211
Maize,22.273509830299872,84.12667429097999,64.4715266476874,5.9910236636472005,24.355732559241563,0.22251033124907527,0.052105776624657735,0.10662044216532285,44.43740645522233
Maize,24.23596862420483,44.12542672202106,223.45381987092262,6.0405369614101225,45.461545870134174,0.08341183273785029,0.09784662380064618,0.111449019411801,40.19664114209953
Rice,22.87929616475726,81.2257023448417,118.14871761514189,6.369543330605439,39.92944001997092,0.14179403234097362,0.05474687335558917,0.14865053249011342,62.12229832935839
Maize,26.149502631526545,57.89006754641357,221.79026570946397,6.033436278579504,36.26696279994333,0.12575039904366578,0.1336125507529925,0.159776339649225,33.426032868549356
Rice,29.118524088429645,56.10473511096677,35.36643517750578,5.984429910909407,58.12080084715597,0.08923679436010941,0.07620404013065597,0.22309199207578356,65.19993281813029
Wheat,21.391161941430617,88.87331931573928,247.18606504003154,6.043434524948774,40.901588669282134,0.18543721978119826,0.18331167411189958,0.2631658090858135,36.78645671311422
Rice,21.007946030158866,50.042954493114706,116.38554098646838,6.299908370796292,28.764699178797535,0.11997912451019443,0.16536001293524108,0.2400481540349499,61.266973383199485
Wheat,22.560155318536623,74.65969704113405,21.479396894585314,6.1814164743729885,38.35853917509195,0.2434779387189036,0.1519528329759162,0.12005729106816954,49.87567950756344
Rice,27.26095586062401,81.07203640049332,19.125243576989178,6.8790991948311095,56.775496182906906,0.2665441344279367,0.13871104438152032,0.12646322876220914,49.438867268055965
Maize,25.929629052588215,42.05917476396358,189.08974179564126,5.108893077686067,27.043818853223787,0.2000287401872125,0.17815451685463415,0.3172676974440869,36.850438372099184
Maize,21.022126642251997,73.51927291772061,168.16852820888337,6.833297557240628,28.558281547529475,0.2959756153546511,0.0756899298468411,0.23075512506731066,41.107871603809556
Wheat,29.187505222607463,87.57749871776635,202.511333950621,6.856634147745793,20.521182710283348,0.17910528572353096,0.17969741484227644,0.314883214882376,48.31615166701344
Wheat,27.900846371240867,46.210998336402966,35.288208148673434,5.626797647368114,20.567601975830687,0.1929410062494814,0.16631876774784837,0.18031755805636607,44.35865381880204
Wheat,20.230226047876375,84.81106513425192,18.537008088531604,6.018274301034872,53.1756650783405,0.297627905870705,0.1597057322220297,0.24588800200645744,35.67215846834272
Rice,26.51367210988246,69.7388318688468,132.05902946741884,5.964784674782358,49.28490427371823,0.13094065591231074,0.12980090849198786,0.2213891223347449,49.78846454706839
Rice,27.71246668519738,70.8302290931237,103.02285555586468,5.480721635579087,34.20164225807833,0.28736010672891915,0.07939906575529601,0.1661633422515249,40.622740963718925
Wheat,23.744353697204218,70.64720874328029,120.86726480102938,5.872953063589897,47.93244628910291,0.08942426212620491,0.10776766655870343,0.20687715044907073,45.21771955343019
Maize,20.68921539367219,54.941794316865696,247.98121812886575,5.09765309877588,35.80823705239881,0.17820511585790283,0.16697130472620828,0.21567253674327164,21.068490151548783
Rice,20.773210654887873,86.76009076497299,242.97998984096085,5.611208560119816,58.1158718399131,0.09540077266927446,0.04508455749717191,0.13420816318430323,65.93957063808237
Rice,21.042469660518094,87.36752313155193,236.1556935215663,6.79670078599158,58.682107257041395,0.24043164344100143,0.16512812308220134,0.1650528005417175,43.55981843423616
Rice,28.404396319804228,71.26523301069739,198.12224242424173,5.626037063878375,35.71175103237373,0.2138499658936039,0.07841131847801064,0.2936806326368834,45.15629536407773
Wheat,29.10686198255713,79.17113629708074,95.16192646165369,6.800054671246144,54.16887625363472,0.23545953796287117,0.06308947211545649,0.3272628246526143,39.53052941664475
Wheat,21.22810781845734,70.6128992940579,108.91142326306519,6.1695188221297474,50.923561667898646,0.1623856879929637,0.058512210908848346,0.17714440525723085,44.75760830337485
Wheat,22.359060345950812,64.21992237870202,141.90785049254188,6.935697890194552,32.39999748687157,0.16128602548690366,0.044360001912130416,0.1628825161964349,32.78004410398155
Wheat,21.6552051036729,73.04100591496254,209.3282695371616,6.264515019381713,29.281593156044238,0.08997024137139681,0.12377383763543245,0.1327032344344083,38.80142150132997
Wheat,21.863208794941208,67.65007262959793,26.491079804384263,5.065270090742428,38.329386015713354,0.15698788669652075,0.07492157963099672,0.2631926155356569,39.657025488202095
Maize,28.37490789002492,69.8737931315965,111.83125261237315,6.4859244566035965,51.25395362457625,0.2844434484976531,0.19830908252474105,0.16723691944991104,25.307141041714782
Maize,23.32146412654939,79.19162767094309,29.828239230224483,5.0986778496518514,58.40671138914982,0.16342983817969875,0.13190988093955291,0.3466923755567809,22.888959417015794
Wheat,23.11444264045641,64.04519157244924,133.51782077764278,5.991313441762895,50.5431627546629,0.2629008953688334,0.06206164309696167,0.16793489655726734,46.72841845971279
Rice,22.273956208771125,42.037705304623636,225.7361977614965,7.044738727840851,54.2082794007348,0.26531161104498546,0.15020200652981847,0.1864167326313096,55.073969492882966
Wheat,26.078943937942586,48.19997404947486,197.7963818953451,5.36344866654327,44.12257224682066,0.16211305440343143,0.18363897064155607,0.2429002329772494,30.28762471968306
Maize,23.79305698385549,61.93036082447692,64.68218021034639,5.857719176471397,53.41631323368504,0.21903750968716157,0.1592287192591383,0.2964547591616523,40.074532532727595
Maize,27.44249651843289,76.24132799370292,244.2378039037102,6.605692679466653,51.37683432013671,0.1009817525000729,0.05223037776631163,0.20677003964332108,44.51984513536462
Rice,22.055798083756375,69.66393241550894,170.1640955311428,6.940968823408665,35.0794216770512,0.10280928776154083,0.18334146899082554,0.19411712912301873,58.17778586242742
Maize,27.877898887144923,72.5147092936727,12.502647855376736,6.476074610433518,42.079612084828845,0.09070468600557693,0.16702870173759438,0.34882221507059824,32.592709677101766
Wheat,26.03721531730139,63.96394642881437,71.29923632445269,5.567981159220572,52.19012487958779,0.20782332054252406,0.06532862401689829,0.082833283107785,47.568317260899235
Rice,21.142673000556876,70.78710109711214,72.57119198077997,6.484137276415676,21.842269367598256,0.17373561507774132,0.0482857421972507,0.32166762798983634,68.57550369053796
Wheat,24.145045842036275,56.45087189073311,26.621033508606384,5.652800810428998,52.3231712942332,0.20056711846613282,0.12916969205028936,0.1202680230037291,45.09073831804921
Wheat,28.63518140612957,63.50912963483326,240.35836433822297,6.580544305601218,27.115524961960936,0.19463610191184533,0.0649657298143963,0.2921998245764066,38.90905859468576
Rice,29.22960231798485,77.21395327974778,124.7812706982217,7.0988728806870895,40.587344684857555,0.15704465803996065,0.17353455241524354,0.24684152115850044,57.766641979943216
Wheat,24.657001223188132,83.59163894865605,224.99550336925168,6.587065592433834,52.33101758223751,0.229044151261164,0.0973335450674678,0.17229876708448483,44.018707300359985
Maize,24.808369780890736,61.682766697819446,87.33172082671081,6.898337106407308,30.152843126267793,0.24687041380160596,0.18606279115785207,0.31594623799067495,24.856839275045036
Wheat,29.184547249393013,42.18308288536806,40.05605690387851,5.0046284549869435,29.83229757224612,0.08321821695308866,0.13051010754256093,0.08348495155486783,38.94402064432876
Rice,25.87068224136567,48.08362720734013,123.84066637749133,6.578658674409508,36.11057593849007,0.12559330594915322,0.0692275814783469,0.14120647606022937,64.89463794151855
Rice,20.328466702434383,41.043056964576905,37.34959233143612,6.825092625103551,55.78571190310538,0.2369118909783341,0.06233581877756801,0.23306105498737473,59.641760454953285
Rice,29.12749462879129,72.6631509618665,126.64372071460959,5.089229222598299,20.017711257488315,0.16505643797944353,0.13223559000924062,0.17491641021341847,52.336122016355624
Wheat,22.48226442757152,56.61573126775545,230.87132349265787,6.917515000034108,56.055323865677394,0.22574646832715378,0.16190137789799103,0.24480192373594845,43.26725068029363
Rice,25.776319540915473,67.12393178596838,134.98435404021106,5.564727302282101,26.152280985664312,0.15633178514160284,0.16504090363874915,0.08650975222034005,43.546672362173794
Rice,21.655133174279737,64.66384233918998,157.95993445482003,6.4636426243517215,59.60345504269928,0.16596613351252015,0.08412118471060501,0.11144391123006238,52.04492831694629
Wheat,20.33879160246595,44.076324477621334,47.59322487371399,6.760780733851495,58.19387972153872,0.11490935221173068,0.0726794814259468,0.11431598485897859,45.86257075926113
Maize,23.114731711327575,60.16306805619159,20.496550211192677,6.457861928730582,39.78700758365133,0.1368108243265552,0.04268100871878119,0.13110658439732253,25.5127196784162
Wheat,27.804957075460877,51.028056246116165,36.593910923153686,5.203026542561166,40.50880991250513,0.21319058665166918,0.14867186419218711,0.20401948901614653,33.71923015114835
Rice,22.77587172629418,60.91998943338264,153.64757816424776,6.311907341492811,39.26197361103417,0.17529588448933658,0.052250921349366236,0.2830747488767642,68.52455979749294
Rice,22.200972140810972,50.178914017112135,32.80280775815312,6.209084044788716,45.41774582638091,0.2503465902478109,0.10732179228254812,0.32449548624080327,46.29692888758692
Wheat,22.126807843412262,82.02262031384667,100.23829358591473,6.980706789763397,23.62886808939724,0.26756869008643536,0.13626914624292738,0.30555058317674644,35.21837159300336
Maize,25.151736824068127,48.70966682891268,142.02206570995745,5.88932740521726,21.30471793366266,0.19916221200768713,0.18993743118714834,0.13315972537943455,44.24039847260845
Rice,29.755413156827565,88.03902757434885,103.27667167116329,5.70637841359151,22.308117136635953,0.246818804252333,0.08988834191292298,0.19911064910227072,62.04125710795077
Rice,24.58988988017013,60.79536830734704,49.284112351672356,6.649671681760226,37.77461396966058,0.1475189929028054,0.07996354599144317,0.13384113139480444,60.987895990705844
Rice,25.57305368890048,82.31226460095246,75.70991380338556,5.907885717383473,31.021917568779337,0.1712936673880172,0.14466562468577576,0.15140739050014151,65.58779151563743
Wheat,28.60632017890734,71.43824091029725,232.79620788365847,6.421411585011139,44.88158249483975,0.2368110887677028,0.13907824512857306,0.21595768500820922,32.31646164473589
Rice,25.350697189336586,76.76751493328763,172.2357461407253,6.422190198274135,59.69769157499116,0.16496663841974674,0.09313756532929993,0.09838943667535108,61.178687097400214
Maize,21.84462871418856,78.386194403339,129.0514812831728,6.953685941592259,35.45292692305864,0.20947108573497752,0.18849629368156587,0.13890706899018376,32.59221523320598
